label,precision,recall,f1-score,support
fresh,0.9007314524555904,0.9389978213507625,0.9194666666666667,918.0
rotten,0.933649289099526,0.8924122310305775,0.9125651418645049,883.0
accuracy,0.9161576901721266,0.9161576901721266,0.9161576901721266,0.9161576901721266
macro avg,0.9171903707775582,0.9157050261906701,0.9160159042655858,1801.0
weighted avg,0.916870513952867,0.9161576901721266,0.9160829651673281,1801.0
