label,precision,recall,f1-score,support
fresh,0.9869565217391304,0.9891067538126361,0.9880304678998912,918.0
rotten,0.9886492622020431,0.986409966024915,0.9875283446712018,883.0
accuracy,0.9877845641310383,0.9877845641310383,0.9877845641310383,0.9877845641310383
macro avg,0.9878028919705868,0.9877583599187756,0.9877794062855465,1801.0
weighted avg,0.9877864439094535,0.9877845641310383,0.9877842853285793,1801.0
