case,classifier,pca_target,pca_components,accuracy,macro_precision,macro_recall,macro_f1,weighted_f1,fit_seconds,predict_seconds,total_seconds,n_train,n_val,seed
no_aug,svm,0.95_variance,690,0.9877845641310383,0.9878028919705868,0.9877583599187756,0.9877794062855465,0.9877842853285793,4.7478094000252895,1.684052700002212,6.431862100027502,8399,1801,42
no_aug,lda,0.95_variance,690,0.9700166574125486,0.9704278228127694,0.9697894383624848,0.9699886686811234,0.9700064796920302,0.5254192000138573,0.002473299973644316,0.5278924999875017,8399,1801,42
no_aug,bagging,0.95_variance,690,0.9439200444197668,0.9439289063271148,0.9438664732282745,0.9438950673887785,0.9439180725488994,61.47835639998084,0.46188050002092496,61.940236900001764,8399,1801,42
aug,svm,0.95_variance,738,0.9772348695169351,0.9772900589096167,0.9771722958719161,0.9772236344159055,0.9772334651293064,5.94112309999764,2.246551299991552,8.187674399989191,8399,1801,42
aug,lda,0.95_variance,738,0.9677956690727374,0.9682704425828452,0.967546021806231,0.967763378793415,0.9677832061579112,0.5975146000273526,0.0027812999906018376,0.6002959000179544,8399,1801,42
aug,bagging,0.95_variance,738,0.9161576901721266,0.9171903707775582,0.9157050261906701,0.9160159042655858,0.9160829651673281,48.82311200001277,0.46440609998535365,49.287518099998124,8399,1801,42
