label,precision,recall,f1-score,support
fresh,0.9605543710021321,0.9814814814814815,0.9709051724137931,918.0
rotten,0.9803012746234068,0.9580973952434881,0.9690721649484536,883.0
accuracy,0.9700166574125486,0.9700166574125486,0.9700166574125486,0.9700166574125486
macro avg,0.9704278228127694,0.9697894383624848,0.9699886686811234,1801.0
weighted avg,0.9702359456259998,0.9700166574125486,0.9700064796920302,1801.0
