label,precision,recall,f1-score,support
fresh,0.9574468085106383,0.9803921568627451,0.9687836383207751,918.0
rotten,0.9790940766550522,0.9546998867497168,0.966743119266055,883.0
accuracy,0.9677956690727374,0.9677956690727374,0.9677956690727374,0.9677956690727374
macro avg,0.9682704425828452,0.967546021806231,0.967763378793415,1801.0
weighted avg,0.9680600998884936,0.9677956690727374,0.9677832061579112,1801.0
