label,precision,recall,f1-score,support
fresh,0.9750812567713976,0.9803921568627451,0.977729494839761,918.0
rotten,0.979498861047836,0.9739524348810872,0.97671777399205,883.0
accuracy,0.9772348695169351,0.9772348695169351,0.9772348695169351,0.9772348695169351
macro avg,0.9772900589096167,0.9771722958719161,0.9772236344159055,1801.0
weighted avg,0.9772471338264198,0.9772348695169351,0.9772334651293064,1801.0
