label,precision,recall,f1-score,support
fresh,0.9435396308360477,0.9466230936819172,0.945078847199565,918.0
rotten,0.9443181818181818,0.9411098527746319,0.942711287577992,883.0
accuracy,0.9439200444197668,0.9439200444197668,0.9439200444197668,0.9439200444197668
macro avg,0.9439289063271148,0.9438664732282745,0.9438950673887785,1801.0
weighted avg,0.9439213412842568,0.9439200444197668,0.9439180725488994,1801.0
