model,setting,case,best_epoch,accuracy,macro_precision,macro_recall,macro_f1,weighted_f1,training_seconds,macro_f1_change_vs_no_aug,test_used
ResNet-18,No Augmentation,no_aug,5,0.9811215991116048,0.9811368010659824,0.9810928775687952,0.9811136278958446,0.9811211682350772,994.2701534169992,0.0,False
ResNet-18,Training Augmentation,aug,8,0.9783453636868408,0.9785652555032902,0.9781968531718714,0.9783299709961784,0.9783411948331197,1039.134261583,-0.002783656899666198,False
