case,classifier,class,precision,recall,f1-score,support
A,svm,fresh,0.9815618221258134,0.9869138495092693,0.9842305600870038,917.0
A,svm,rotten,0.9863325740318907,0.9807474518686297,0.9835320840431573,883.0
A,svm,accuracy,0.9838888888888889,0.9838888888888889,0.9838888888888889,0.9838888888888889
A,svm,macro avg,0.9839471980788521,0.9838306506889495,0.9838813220650806,1800.0
A,svm,weighted avg,0.9839021409775169,0.9838888888888889,0.9838879187832723,1800.0
